contig	locus_start	locus_end	locus_span	n_blocks	strands	total_mt_coverage	category	mt_structure	max_mt_gap	nuclear_gaps	max_score	tandem_detail
chr4	155451614	155466470	14856	1	-	14924	A_single_block	660-15584(-)	0	.	255	
chr7	57185751	57198546	12795	1	+	12840	A_single_block	3805-16645(+)	0	.	255	
chr5	100045935	100055045	9110	1	-	9069	A_single_block	6116-15185(-)	0	.	255	
chr7	57166974	57175141	8167	1	+	8345	A_single_block	8300-16645(+)	0	.	255	
chr1	629080	634924	5844	1	+	5845	A_single_block	3910-9755(+)	0	.	255	
chrX	55178234	55184029	5795	1	-	5833	A_single_block	573-6406(-)	0	.	255	
chr11	81551573	81557338	5765	1	+	5769	A_single_block	9819-15588(+)	0	.	255	
chr5	134923308	134928527	5219	1	-	5219	A_single_block	10268-15487(-)	0	.	255	
chr1	235537390	235542389	4999	1	-	5045	A_single_block	9757-14802(-)	0	.	255	
chr2	131369060	131373808	4748	1	-	4794	A_single_block	10604-15398(-)	0	.	255	
chr6	153665568	153669826	4258	1	+	4248	A_single_block	7447-11695(+)	0	.	255	
chr9	5107040	5110753	3713	1	+	3753	A_single_block	9875-13628(+)	0	.	255	
chr1	106802628	106806090	3462	1	-	3474	A_single_block	5854-9328(-)	0	.	255	
chr5	94567455	94570918	3463	1	+	3463	A_single_block	12661-16124(+)	0	.	255	
chr3	89586834	89590121	3287	1	-	3333	A_single_block	6001-9334(-)	0	.	255	
chr2	155311085	155314378	3293	1	+	3292	A_single_block	11800-15092(+)	0	.	255	
chr7	112372645	112375570	2925	1	+	2959	A_single_block	13064-16023(+)	0	.	255	
chr2	201212289	201215001	2712	1	-	2723	A_single_block	10414-13137(-)	0	.	255	
chr11	10507886	10510336	2450	1	-	2452	A_single_block	520-2972(-)	0	.	255	
chr9	80563553	80565964	2411	1	-	2417	A_single_block	4573-6990(-)	0	.	255	
chr5	80650019	80652368	2349	1	-	2359	A_single_block	340-2699(-)	0	.	255	
chr10	36432870	36435175	2305	1	-	2310	A_single_block	11643-13953(-)	0	.	255	
chr10	37600796	37602974	2178	1	-	2175	A_single_block	1700-3875(-)	0	.	255	
chr5	98409679	98411806	2127	1	-	2117	A_single_block	5889-8006(-)	0	.	255	
chr8	110933243	110935370	2127	1	-	2111	A_single_block	5084-7195(-)	0	.	255	
chr8	36277597	36279696	2099	1	-	2101	A_single_block	13935-16036(-)	0	.	255	
chr21	35890273	35892151	1878	1	-	1937	A_single_block	4508-6445(-)	0	.	255	
chr8	133754778	133756650	1872	1	+	1876	A_single_block	4835-6711(+)	0	.	255	
chr6	169186145	169187953	1808	1	+	1867	A_single_block	624-2491(+)	0	.	224	
chr12	41698487	41700254	1767	1	-	1797	A_single_block	3372-5169(-)	0	.	255	
chr14	83587333	83589115	1782	1	-	1786	A_single_block	572-2358(-)	0	.	255	
chr5	97677404	97679105	1701	1	-	1704	A_single_block	14319-16023(-)	0	.	255	
chr3	40252143	40253767	1624	1	+	1625	A_single_block	1414-3039(+)	0	.	255	
chr15	40133766	40135216	1450	1	-	1456	A_single_block	11681-13137(-)	0	.	255	
chr16	20720980	20722411	1431	1	-	1432	A_single_block	12209-13641(-)	0	.	255	
chr2	116751164	116752553	1389	1	+	1382	A_single_block	15426-16808(+)	0	.	201	
chr2	155263458	155264808	1350	1	-	1349	A_single_block	4853-6202(-)	0	.	255	
chr3	96617187	96618521	1334	1	-	1334	A_single_block	1384-2718(-)	0	.	255	
chr1	55372549	55373651	1102	1	-	1153	A_single_block	7301-8454(-)	0	.	205	
chr19	12095311	12096393	1082	1	-	1112	A_single_block	4150-5262(-)	0	.	158	
chr14	32484095	32485118	1023	1	-	1026	A_single_block	5582-6608(-)	0	.	255	
chr11	39766245	39767247	1002	1	+	1005	A_single_block	6809-7814(+)	0	.	255	
chr1	235520021	235520919	898	1	+	915	A_single_block	14798-15713(+)	0	.	190	
chr10	94940227	94941121	894	1	-	898	A_single_block	11308-12206(-)	0	.	194	
chr4	68049587	68050453	866	1	-	878	A_single_block	4749-5627(-)	0	.	149	
chrUn_KI270751v1	12352	13260	908	1	-	874	A_single_block	9447-10321(-)	0	.	237	
chrUn_GL000214v1	90824	91732	908	1	+	874	A_single_block	9447-10321(+)	0	.	237	
chr4	30884326	30885182	856	1	-	865	A_single_block	15139-16004(-)	0	.	184	
chr4	49548547	49549436	889	1	-	852	A_single_block	9469-10321(-)	0	.	226	
chr6_GL000251v2_alt	4119427	4120271	844	1	-	845	A_single_block	9049-9894(-)	0	.	239	
chr6_GL000255v2_alt	3900391	3901235	844	1	-	845	A_single_block	9049-9894(-)	0	.	239	
chr6_GL000256v2_alt	4106746	4107590	844	1	-	845	A_single_block	9049-9894(-)	0	.	234	
chr6	32706122	32706960	838	1	-	839	A_single_block	9049-9888(-)	0	.	237	
chr6_GL000252v2_alt	3950725	3951564	839	1	-	839	A_single_block	9049-9888(-)	0	.	240	
chr6_GL000253v2_alt	4125930	4126767	837	1	-	839	A_single_block	9049-9888(-)	0	.	236	
chr6_GL000254v2_alt	4005360	4006199	839	1	-	839	A_single_block	9049-9888(-)	0	.	240	
chr9	82427346	82428172	826	1	-	837	A_single_block	9051-9888(-)	0	.	226	
chr4	92701824	92702653	829	1	+	833	A_single_block	2789-3622(+)	0	.	243	
chr3	166232481	166233279	798	1	-	798	A_single_block	575-1373(-)	0	.	183	
chr13	57204380	57205142	762	1	+	787	A_single_block	7814-8601(+)	0	.	102	
chr1	46941777	46942468	691	1	+	757	A_single_block	12583-13340(+)	0	.	64	
chr1	47136452	47137141	689	1	-	757	A_single_block	12583-13340(-)	0	.	65	
chr2	50588687	50589415	728	1	-	729	A_single_block	6269-6998(-)	0	.	255	
chr4	81733383	81734048	665	1	-	655	A_single_block	14929-15584(-)	0	.	144	
chr18	20944753	20945375	622	1	-	653	A_single_block	6637-7290(-)	0	.	37	
chr17	53105732	53106385	653	1	+	653	A_single_block	6817-7470(+)	0	.	255	
chr3	120722022	120722645	623	1	+	623	A_single_block	7150-7773(+)	0	.	206	
chr4	14505864	14506480	616	1	-	621	A_single_block	4612-5233(-)	0	.	166	
chr19	56921991	56922611	620	1	+	620	A_single_block	11907-12527(+)	0	.	129	
chr9	92539056	92539686	630	1	-	602	A_single_block	5426-6028(-)	0	.	183	
chr5	20834268	20834838	570	1	-	581	A_single_block	7189-7770(-)	0	.	73	
chr3	71701415	71701995	580	1	-	579	A_single_block	15078-15657(-)	0	.	41	
chr13	88571650	88572217	567	1	+	573	A_single_block	13260-13833(+)	0	.	133	
chr1	11425239	11425823	584	1	-	567	A_single_block	15034-15601(-)	0	.	99	
chr6	141120736	141121261	525	1	-	564	A_single_block	16264-16828(-)	0	.	72	
chr5	85237549	85238099	550	1	-	563	A_single_block	15443-16006(-)	0	.	90	
chr6	24947834	24948393	559	1	+	562	A_single_block	7554-8116(+)	0	.	132	
chr13	68709371	68709904	533	1	-	548	A_single_block	11792-12340(-)	0	.	79	
chr5	97684833	97685372	539	1	-	541	A_single_block	13798-14339(-)	0	.	81	
chr11	123139884	123140408	524	1	-	539	A_single_block	15294-15833(-)	0	.	117	
chr10	100057382	100057915	533	1	-	533	A_single_block	8280-8813(-)	0	.	177	
chr6	61574102	61574629	527	1	+	527	A_single_block	2407-2934(+)	0	.	214	
chr16	83673019	83673547	528	1	+	519	A_single_block	16085-16604(+)	0	.	72	
chr10	89786597	89787110	513	1	+	517	A_single_block	12480-12997(+)	0	.	126	
chr11	48972952	48973468	516	1	+	515	A_single_block	3381-3896(+)	0	.	141	
chr11	49812513	49813024	511	1	-	515	A_single_block	3381-3896(-)	0	.	138	
chr11	55273476	55273992	516	1	-	515	A_single_block	3381-3896(-)	0	.	138	
chr11	89908540	89909056	516	1	+	515	A_single_block	3381-3896(+)	0	.	142	
chr11	89935487	89936003	516	1	-	515	A_single_block	3381-3896(-)	0	.	142	
chr8	27903244	27903745	501	1	-	514	A_single_block	14483-14997(-)	0	.	131	
chr17	68938707	68939208	501	1	+	513	A_single_block	9863-10376(+)	0	.	85	
chr9	77964839	77965344	505	1	+	511	A_single_block	13841-14352(+)	0	.	107	
chr8	142486273	142486737	464	1	+	503	A_single_block	7837-8340(+)	0	.	51	
chr7	67627831	67628353	522	1	+	498	A_single_block	9016-9514(+)	0	.	114	
chr5	60761531	60762024	493	1	-	494	A_single_block	3821-4315(-)	0	.	159	
chr9	31509206	31509672	466	1	+	491	A_single_block	10214-10705(+)	0	.	28	
chr20	60414393	60414872	479	1	-	479	A_single_block	7702-8181(-)	0	.	112	
chr8	18200915	18201386	471	1	-	478	A_single_block	10290-10768(-)	0	.	90	
chr2	87824889	87825367	478	1	+	478	A_single_block	8313-8791(+)	0	.	195	
chr10	94774162	94774628	466	1	-	466	A_single_block	11308-11774(-)	0	.	121	
chr2	220048818	220049277	459	1	-	459	A_single_block	6047-6506(-)	0	.	125	
chr8	18849257	18849717	460	1	+	458	A_single_block	14788-15246(+)	0	.	143	
chr2	179739307	179739740	433	1	-	432	A_single_block	832-1264(-)	0	.	133	
chr9	101793453	101793879	426	1	-	426	A_single_block	9935-10361(-)	0	.	106	
chr1	50017091	50017505	414	1	+	415	A_single_block	4607-5022(+)	0	.	111	
chr14	51587356	51587768	412	1	-	415	A_single_block	573-988(-)	0	.	133	
chr10	94763348	94763756	408	1	-	413	A_single_block	11794-12207(-)	0	.	78	
chr3	43229325	43229734	409	1	-	406	A_single_block	15805-16211(-)	0	.	112	
chr15	34394591	34394991	400	1	+	400	A_single_block	9651-10051(+)	0	.	111	
chr15	34540812	34541212	400	1	+	400	A_single_block	9651-10051(+)	0	.	111	
chr5	1370536	1370941	405	1	-	398	A_single_block	7826-8224(-)	0	.	78	
chr5_KI270791v1_alt	143067	143472	405	1	+	398	A_single_block	7826-8224(+)	0	.	78	
chr3	160947647	160948042	395	1	+	396	A_single_block	1918-2314(+)	0	.	134	
chr8	76201743	76202139	396	1	+	395	A_single_block	2266-2661(+)	0	.	127	
chr4	101972419	101972811	392	1	+	395	A_single_block	13498-13893(+)	0	.	66	
chr1	181422784	181423178	394	1	+	394	A_single_block	12142-12536(+)	0	.	113	
chr18	50669497	50669878	381	1	+	394	A_single_block	11226-11620(+)	0	.	85	
chr12	108178321	108178709	388	1	+	391	A_single_block	14747-15138(+)	0	.	92	
chr12	40286288	40286678	390	1	+	387	A_single_block	6638-7025(+)	0	.	119	
chr8	69102972	69103358	386	1	-	386	A_single_block	5226-5612(-)	0	.	94	
chr4	128081402	128081776	374	1	-	383	A_single_block	2007-2390(-)	0	.	131	
chr18	61874542	61874916	374	1	-	383	A_single_block	927-1310(-)	0	.	115	
chr9	34999143	34999510	367	1	-	379	A_single_block	16100-16479(-)	0	.	69	
chr20	34688667	34689035	368	1	+	378	A_single_block	9658-10036(+)	0	.	92	
chr6	83686481	83686806	325	1	-	377	A_single_block	791-1168(-)	0	.	37	
chr1	81080800	81081175	375	1	+	375	A_single_block	4969-5344(+)	0	.	97	
chr9	31495302	31495653	351	1	+	374	A_single_block	1131-1505(+)	0	.	37	
chr14	70609802	70610085	283	1	+	374	A_single_block	576-950(+)	0	.	23	
chr8	139651452	139651818	366	1	-	369	A_single_block	12845-13214(-)	0	.	84	
chr18	126703	127065	362	1	+	363	A_single_block	6637-7000(+)	0	.	34	
chr14	39222964	39223291	327	1	-	354	A_single_block	9547-9901(-)	0	.	33	
chrX	136072830	136073189	359	1	-	351	A_single_block	16103-16454(-)	0	.	32	
chr22	32894882	32895228	346	1	-	347	A_single_block	14768-15115(-)	0	.	110	
chr4	12640293	12640638	345	1	-	345	A_single_block	9334-9679(-)	0	.	145	
chr17	33692128	33692484	356	1	+	343	A_single_block	4380-4723(+)	0	.	58	
chr7	118896759	118897089	330	1	+	339	A_single_block	870-1209(+)	0	.	58	
chr20	5965179	5965510	331	1	+	339	A_single_block	6170-6509(+)	0	.	81	
chr5	121030981	121031324	343	1	+	338	A_single_block	377-715(+)	0	.	95	
chr4	107374100	107374423	323	1	-	332	A_single_block	8989-9321(-)	0	.	57	
chr1	190909724	190910060	336	1	-	332	A_single_block	611-943(-)	0	.	77	
chr12	31015440	31015809	369	1	+	331	A_single_block	6130-6461(+)	0	.	57	
chr17	35654870	35655194	324	1	-	330	A_single_block	2264-2594(-)	0	.	101	
chr5	40598864	40599180	316	1	+	323	A_single_block	13870-14193(+)	0	.	22	
chr3	177010719	177011036	317	1	-	319	A_single_block	13003-13322(-)	0	.	92	
chr1	191961690	191961992	302	1	+	311	A_single_block	870-1181(+)	0	.	69	
chr16	55007984	55008288	304	1	+	305	A_single_block	13700-14005(+)	0	.	46	
chr13	47570831	47571128	297	1	-	302	A_single_block	2094-2396(-)	0	.	69	
chr10	20804280	20804576	296	1	+	296	A_single_block	3666-3962(+)	0	.	72	
chr4	17061876	17062167	291	1	+	291	A_single_block	13097-13388(+)	0	.	107	
chr2	124680711	124681002	291	1	-	291	A_single_block	12256-12547(-)	0	.	68	
chr8	1726272	1726562	290	1	+	290	A_single_block	7897-8187(+)	0	.	46	
chr12	9322702	9322988	286	1	+	290	A_single_block	6130-6420(+)	0	.	61	
chr12	9408794	9409077	283	1	-	290	A_single_block	6130-6420(-)	0	.	58	
chr17	54902925	54903174	249	1	-	290	A_single_block	12264-12554(-)	0	.	29	
chr8_KI270926v1_alt	138932	139222	290	1	+	290	A_single_block	7897-8187(+)	0	.	46	
chr15	46341365	46341676	311	1	+	285	A_single_block	12954-13239(+)	0	.	67	
chr2	49229627	49229911	284	1	-	284	A_single_block	6728-7012(-)	0	.	122	
chr9	33916463	33916741	278	1	+	279	A_single_block	15495-15774(+)	0	.	64	
chr7	36228620	36228889	269	1	-	275	A_single_block	4734-5009(-)	0	.	71	
chr2	68260739	68261008	269	1	+	269	A_single_block	5021-5290(+)	0	.	76	
chr8	110081412	110081677	265	1	+	266	A_single_block	16308-16574(+)	0	.	36	
chr4	78008521	78008786	265	1	-	265	A_single_block	2199-2464(-)	0	.	101	
chr2	235455989	235456247	258	1	+	262	A_single_block	770-1032(+)	0	.	80	
chr19	42190701	42190957	256	1	-	262	A_single_block	7058-7320(-)	0	.	62	
chr6	144728936	144729203	267	1	-	261	A_single_block	1356-1617(-)	0	.	73	
chr11	6501805	6502089	284	1	-	260	A_single_block	2802-3062(-)	0	.	44	
chr12	7637387	7637645	258	1	-	260	A_single_block	6766-7026(-)	0	.	55	
chrX	4059579	4059845	266	1	-	259	A_single_block	12085-12344(-)	0	.	62	
chr16	69358658	69358916	258	1	+	258	A_single_block	12185-12443(+)	0	.	59	
chr8	78282213	78282468	255	1	-	257	A_single_block	4666-4923(-)	0	.	36	
chr13	109424124	109424380	256	1	-	256	A_single_block	981-1237(-)	0	.	118	
chr8	26951265	26951506	241	1	-	255	A_single_block	4062-4317(-)	0	.	49	
chr2	81666476	81666730	254	1	-	254	A_single_block	7856-8110(-)	0	.	98	
chr12	130315574	130315830	256	1	-	254	A_single_block	12114-12368(-)	0	.	71	
chr6	133150567	133150820	253	1	+	253	A_single_block	15391-15644(+)	0	.	75	
chr2	166414488	166414723	235	1	+	249	A_single_block	6584-6833(+)	0	.	87	
chr3	29797651	29797899	248	1	-	247	A_single_block	10396-10643(-)	0	.	73	
chr11	11239936	11240174	238	1	+	247	A_single_block	13108-13355(+)	0	.	60	
chr3	72583295	72583536	241	1	+	241	A_single_block	9132-9373(+)	0	.	77	
chrX	22397632	22397846	214	1	-	241	A_single_block	14930-15171(-)	0	.	31	
chr18	64154886	64155126	240	1	-	240	A_single_block	16232-16472(-)	0	.	42	
chr22	50086163	50086400	237	1	+	239	A_single_block	666-905(+)	0	.	73	
chr11	31555108	31555347	239	1	-	236	A_single_block	16151-16387(-)	0	.	31	
chr2	70347167	70347398	231	1	-	233	A_single_block	13791-14024(-)	0	.	31	
chr3	171534422	171534653	231	1	+	232	A_single_block	6704-6936(+)	0	.	89	
chr2	85068802	85069034	232	1	-	232	A_single_block	6851-7083(-)	0	.	81	
chr17	63393354	63393585	231	1	+	231	A_single_block	9338-9569(+)	0	.	78	
chr5	79401441	79401680	239	1	+	230	A_single_block	15905-16135(+)	0	.	32	
chr21	42406710	42406933	223	1	-	228	A_single_block	4883-5111(-)	0	.	53	
chr18	134719	134939	220	1	+	227	A_single_block	9723-9950(+)	0	.	20	
chr2	148822930	148823166	236	1	+	224	A_single_block	16391-16615(+)	0	.	35	
chr2	183514940	183515162	222	1	-	224	A_single_block	15799-16023(-)	0	.	29	
chr6	156547832	156548055	223	1	-	223	A_single_block	3160-3383(-)	0	.	78	
chr12	26572541	26572767	226	1	-	222	A_single_block	5510-5732(-)	0	.	63	
chr1	18595409	18595631	222	1	+	221	A_single_block	3898-4119(+)	0	.	54	
chr4	89731796	89732017	221	1	+	220	A_single_block	2855-3075(+)	0	.	73	
chr8	20551195	20551413	218	1	+	218	A_single_block	8665-8883(+)	0	.	73	
chr17	66278044	66278254	210	1	+	216	A_single_block	8512-8728(+)	0	.	38	
chr2	63689409	63689624	215	1	-	215	A_single_block	9551-9766(-)	0	.	60	
chr8	76645456	76645669	213	1	-	214	A_single_block	1521-1735(-)	0	.	75	
chr1	5850255	5850470	215	1	-	214	A_single_block	2463-2677(-)	0	.	90	
chr1	9574626	9574829	203	1	+	213	A_single_block	904-1117(+)	0	.	72	
chr9	103065408	103065619	211	1	+	211	A_single_block	13835-14046(+)	0	.	55	
chr13	36065488	36065698	210	1	+	210	A_single_block	4207-4417(+)	0	.	75	
chr2	181646240	181646426	186	1	+	208	A_single_block	15499-15707(+)	0	.	17	
chr4	66065343	66065550	207	1	+	207	A_single_block	12227-12434(+)	0	.	42	
chr1	76971223	76971430	207	1	-	207	A_single_block	16385-16592(-)	0	.	75	
chr18	47853234	47853441	207	1	-	207	A_single_block	7970-8177(-)	0	.	90	
chr7	133275450	133275656	206	1	+	206	A_single_block	15584-15790(+)	0	.	49	
chr8	42231439	42231669	230	1	-	205	A_single_block	743-948(-)	0	.	19	
chr8	52751752	52751957	205	1	-	205	A_single_block	15174-15379(-)	0	.	66	
chr6	1705977	1706181	204	1	-	204	A_single_block	8488-8692(-)	0	.	58	
chr1	226958059	226958263	204	1	+	204	A_single_block	14323-14527(+)	0	.	35	
chr7	12107784	12107986	202	1	-	203	A_single_block	599-802(-)	0	.	30	
chr7	116306312	116306513	201	1	+	203	A_single_block	992-1195(+)	0	.	36	
chr3	153658791	153658987	196	1	-	201	A_single_block	7454-7655(-)	0	.	58	
chr21	39610978	39611181	203	1	+	200	A_single_block	15829-16029(+)	0	.	36	
chrX	26824820	26825010	190	1	-	199	A_single_block	1554-1753(-)	0	.	47	
chr2	22317050	22317248	198	1	+	198	A_single_block	15254-15452(+)	0	.	57	
chr11	47323983	47324181	198	1	+	198	A_single_block	13254-13452(+)	0	.	74	
chr6	161561152	161561344	192	1	-	197	A_single_block	12288-12485(-)	0	.	24	
chr21	45376187	45376384	197	1	-	197	A_single_block	5994-6191(-)	0	.	77	
chrX	24056263	24056462	199	1	+	197	A_single_block	2730-2927(+)	0	.	58	
chr17	18986152	18986348	196	1	-	196	A_single_block	8697-8893(-)	0	.	47	
chrX	15727730	15727926	196	1	+	196	A_single_block	6500-6696(+)	0	.	58	
chr4	181237352	181237546	194	1	-	194	A_single_block	7187-7381(-)	0	.	54	
chr15	35396221	35396412	191	1	+	193	A_single_block	3778-3971(+)	0	.	56	
chr8	56629524	56629716	192	1	+	192	A_single_block	4243-4435(+)	0	.	25	
chr4	93817307	93817500	193	1	+	192	A_single_block	15831-16023(+)	0	.	38	
chr10	125819785	125819964	179	1	+	190	A_single_block	5731-5921(+)	0	.	47	
chr12	103276760	103276953	193	1	-	190	A_single_block	4868-5058(-)	0	.	25	
chrX	53384005	53384187	182	1	-	189	A_single_block	11140-11329(-)	0	.	52	
chr9	111633233	111633420	187	1	-	187	A_single_block	5036-5223(-)	0	.	49	
chr5	145293623	145293809	186	1	-	186	A_single_block	11892-12078(-)	0	.	39	
chr4	5404536	5404721	185	1	+	184	A_single_block	16292-16476(+)	0	.	40	
chr1	8909726	8909910	184	1	+	184	A_single_block	8023-8207(+)	0	.	67	
chr7	45251951	45252134	183	1	+	183	A_single_block	2398-2581(+)	0	.	75	
chr1	205475335	205475518	183	1	-	183	A_single_block	11138-11321(-)	0	.	49	
chr2	174780922	174781104	182	1	+	182	A_single_block	9686-9868(+)	0	.	53	
chr5	160339473	160339651	178	1	+	180	A_single_block	14823-15003(+)	0	.	21	
chrX	21870363	21870544	181	1	+	180	A_single_block	2302-2482(+)	0	.	29	
chr9	133739145	133739321	176	1	-	179	A_single_block	6456-6635(-)	0	.	25	
chr16	13625561	13625742	181	1	+	179	A_single_block	1667-1846(+)	0	.	41	
chr5	73239279	73239464	185	1	-	177	A_single_block	15829-16006(-)	0	.	30	
chr5	106553360	106553537	177	1	-	177	A_single_block	14654-14831(-)	0	.	67	
chr4	162421366	162421541	175	1	-	175	A_single_block	12249-12424(-)	0	.	67	
chr2	56465016	56465191	175	1	+	175	A_single_block	8656-8831(+)	0	.	43	
chr11	64187300	64187476	176	1	+	175	A_single_block	16399-16574(+)	0	.	53	
chrX	109054208	109054383	175	1	+	175	A_single_block	2563-2738(+)	0	.	22	
chr13	56688475	56688649	174	1	+	174	A_single_block	2897-3071(+)	0	.	72	
chr10	20841370	20841544	174	1	+	174	A_single_block	9622-9796(+)	0	.	51	
chr6	119159295	119159468	173	1	+	173	A_single_block	5911-6084(+)	0	.	50	
chr10	2235688	2235860	172	1	+	173	A_single_block	13011-13184(+)	0	.	56	
chr11	110876991	110877164	173	1	-	173	A_single_block	15438-15611(-)	0	.	52	
chr16	49066584	49066745	161	1	-	173	A_single_block	10455-10628(-)	0	.	39	
chr7	141173043	141173215	172	1	-	172	A_single_block	12559-12731(-)	0	.	53	
chr10	119838007	119838180	173	1	+	172	A_single_block	3358-3530(+)	0	.	48	
chr5	137305060	137305229	169	1	+	171	A_single_block	9069-9240(+)	0	.	33	
chr13	75592236	75592407	171	1	-	171	A_single_block	9870-10041(-)	0	.	63	
chrY	18872101	18872272	171	1	+	171	A_single_block	15565-15736(+)	0	.	38	
chr3	152919693	152919868	175	1	-	170	A_single_block	5653-5823(-)	0	.	54	
chrX	32659398	32659568	170	1	-	170	A_single_block	7605-7775(-)	0	.	33	
chr2	40784956	40785117	161	1	+	169	A_single_block	955-1124(+)	0	.	62	
chr2	134526361	134526527	166	1	+	169	A_single_block	14507-14676(+)	0	.	34	
chr2	229028786	229028989	203	1	+	169	A_single_block	3668-3837(+)	0	.	43	
chr17	70174109	70174278	169	1	+	169	A_single_block	7047-7216(+)	0	.	47	
chr5	79999180	79999345	165	1	+	168	A_single_block	11432-11600(+)	0	.	40	
chr13	49986954	49987121	167	1	+	168	A_single_block	2500-2668(+)	0	.	42	
chr11	73510660	73510828	168	1	+	168	A_single_block	6641-6809(+)	0	.	76	
chr7	150131993	150132160	167	1	-	167	A_single_block	14332-14499(-)	0	.	46	
chr9	98435203	98435370	167	1	+	167	A_single_block	7202-7369(+)	0	.	17	
chr12	49817336	49817502	166	1	+	167	A_single_block	4256-4423(+)	0	.	54	
chr13	53891586	53891751	165	1	+	166	A_single_block	13011-13177(+)	0	.	53	
chrX	4428005	4428128	123	1	-	166	A_single_block	1022-1188(-)	0	.	18	
chrX	9805647	9805813	166	1	-	166	A_single_block	12909-13075(-)	0	.	42	
chr5	8416606	8416776	170	1	+	164	A_single_block	15972-16136(+)	0	.	27	
chr5	113136359	113136523	164	1	-	164	A_single_block	7931-8095(-)	0	.	28	
chr15	41157174	41157338	164	1	-	164	A_single_block	11621-11785(-)	0	.	45	
chrY	14068138	14068290	152	1	+	164	A_single_block	13761-13925(+)	0	.	29	
chrX	24375422	24375546	124	1	+	164	A_single_block	8178-8342(+)	0	.	17	
chr6	134674747	134674909	162	1	+	163	A_single_block	2575-2738(+)	0	.	18	
chr2	9746711	9746874	163	1	+	163	A_single_block	10204-10367(+)	0	.	34	
chr4	87676076	87676229	153	1	-	162	A_single_block	3614-3776(-)	0	.	41	
chr4	179069436	179069596	160	1	+	160	A_single_block	7621-7781(+)	0	.	54	
chr2	56280461	56280626	165	1	+	160	A_single_block	16125-16285(+)	0	.	22	
chr21	10014854	10015014	160	1	+	160	A_single_block	5736-5896(+)	0	.	77	
chr3	150842070	150842229	159	1	-	159	A_single_block	12426-12585(-)	0	.	39	
chr2	226722268	226722426	158	1	+	159	A_single_block	889-1048(+)	0	.	66	
chr10	26873260	26873419	159	1	+	159	A_single_block	2514-2673(+)	0	.	63	
chr12	114172347	114172480	133	1	-	159	A_single_block	13488-13647(-)	0	.	29	
chr8	72985696	72985854	158	1	+	158	A_single_block	624-782(+)	0	.	59	
chr7	153968662	153968820	158	1	+	158	A_single_block	14332-14490(+)	0	.	44	
chr5	31065944	31066102	158	1	-	158	A_single_block	15466-15624(-)	0	.	35	
chr7	155074609	155074762	153	1	+	156	A_single_block	7752-7908(+)	0	.	36	
chr18	2842199	2842354	155	1	-	156	A_single_block	14380-14536(-)	0	.	54	
chr8	32805820	32805973	153	1	-	154	A_single_block	12250-12404(-)	0	.	33	
chr7	147053044	147053198	154	1	-	154	A_single_block	12397-12551(-)	0	.	39	
chr2	92006437	92006591	154	1	-	154	A_single_block	3742-3896(-)	0	.	45	
chr2	94237239	94237393	154	1	-	154	A_single_block	3742-3896(-)	0	.	44	
chr9	40613863	40614017	154	1	-	154	A_single_block	3742-3896(-)	0	.	45	
chr9	43244303	43244457	154	1	-	154	A_single_block	3742-3896(-)	0	.	46	
chr9	63026128	63026282	154	1	+	154	A_single_block	3742-3896(+)	0	.	45	
chr9	63413067	63413221	154	1	-	154	A_single_block	3742-3896(-)	0	.	45	
chr9	64737069	64737223	154	1	-	154	A_single_block	3742-3896(-)	0	.	45	
chr9	65222574	65222728	154	1	-	154	A_single_block	3742-3896(-)	0	.	45	
chr9	65799257	65799411	154	1	+	154	A_single_block	3742-3896(+)	0	.	45	
chr10	38761807	38761961	154	1	-	154	A_single_block	3742-3896(-)	0	.	44	
chr10	42210516	42210670	154	1	+	154	A_single_block	3742-3896(+)	0	.	44	
chr21	8680250	8680404	154	1	-	154	A_single_block	3742-3896(-)	0	.	43	
chr14_KI270725v1_random	58174	58328	154	1	-	154	A_single_block	3742-3896(-)	0	.	43	
chr22	10657379	10657533	154	1	-	154	A_single_block	3742-3896(-)	0	.	43	
chr22	16876218	16876372	154	1	-	154	A_single_block	3742-3896(-)	0	.	46	
chrY	11445418	11445572	154	1	-	154	A_single_block	3742-3896(-)	0	.	46	
chr11	90098131	90098281	150	1	-	153	A_single_block	3742-3895(-)	0	.	39	
chr4	27730423	27730575	152	1	-	152	A_single_block	2898-3050(-)	0	.	69	
chr11	125851928	125852073	145	1	-	152	A_single_block	5881-6033(-)	0	.	35	
chr6	144257234	144257385	151	1	+	151	A_single_block	7586-7737(+)	0	.	33	
chr8	69690121	69690269	148	1	-	149	A_single_block	2589-2738(-)	0	.	23	
chr7	69062514	69062662	148	1	+	149	A_single_block	2589-2738(+)	0	.	22	
chr3	96765135	96765284	149	1	-	149	A_single_block	6534-6683(-)	0	.	42	
chr2	132279711	132279863	152	1	-	149	A_single_block	2589-2738(-)	0	.	19	
chr1	237603124	237603272	148	1	+	149	A_single_block	2589-2738(+)	0	.	21	
chr11	77886545	77886693	148	1	+	149	A_single_block	2589-2738(+)	0	.	24	
chr22_KI270733v1_random	179062	179210	148	1	+	149	A_single_block	2589-2738(+)	0	.	24	
chrUn_GL000220v1	161092	161240	148	1	+	149	A_single_block	2589-2738(+)	0	.	24	
chr17	19746367	19746511	144	1	-	149	A_single_block	11779-11928(-)	0	.	34	
chr20	30512714	30512866	152	1	-	149	A_single_block	2589-2738(-)	0	.	18	
chrUn_JTFH01000007v1_decoy	5282	5434	152	1	+	149	A_single_block	2589-2738(+)	0	.	18	
chr13	96697684	96697832	148	1	+	148	A_single_block	7471-7619(+)	0	.	47	
chr6	74819172	74819317	145	1	-	146	A_single_block	334-480(-)	0	.	34	
chr3	186058625	186058752	127	1	-	146	A_single_block	11579-11725(-)	0	.	28	
chr13	32193334	32193484	150	1	+	146	A_single_block	6779-6925(+)	0	.	40	
chr11	84532157	84532301	144	1	+	145	A_single_block	4749-4894(+)	0	.	23	
chr4	17557904	17558046	142	1	-	144	A_single_block	15703-15847(-)	0	.	21	
chrX	52042665	52042812	147	1	+	144	A_single_block	10441-10585(+)	0	.	17	
chrX	52211282	52211429	147	1	-	144	A_single_block	10441-10585(-)	0	.	17	
chr8	130953135	130953278	143	1	-	143	A_single_block	8324-8467(-)	0	.	28	
chr6	143077800	143077943	143	1	+	143	A_single_block	9859-10002(+)	0	.	49	
chr19	24000316	24000458	142	1	-	143	A_single_block	2592-2735(-)	0	.	18	
chr6	112841386	112841520	134	1	+	142	A_single_block	9073-9215(+)	0	.	17	
chr3	71949580	71949689	109	1	-	142	A_single_block	14600-14742(-)	0	.	20	
chr1	35255182	35255324	142	1	-	142	A_single_block	8571-8713(-)	0	.	31	
chr15	39201372	39201515	143	1	-	142	A_single_block	11027-11169(-)	0	.	37	
chrX	99094899	99095050	151	1	+	142	A_single_block	7651-7793(+)	0	.	29	
chr6	88555288	88555429	141	1	+	141	A_single_block	8699-8840(+)	0	.	40	
chr2	108913568	108913709	141	1	-	141	A_single_block	12412-12553(-)	0	.	40	
chr8	97908036	97908167	131	1	-	140	A_single_block	8784-8924(-)	0	.	39	
chr5	122338834	122338973	139	1	-	139	A_single_block	11854-11993(-)	0	.	45	
chr10	111833507	111833655	148	1	-	139	A_single_block	16452-16591(-)	0	.	25	
chr12	124309497	124309635	138	1	+	138	A_single_block	13307-13445(+)	0	.	40	
chr1	113576757	113576894	137	1	-	137	A_single_block	13314-13451(-)	0	.	46	
chr14	93497554	93497690	136	1	-	137	A_single_block	5963-6100(-)	0	.	22	
chr14_KI270847v1_alt	612116	612252	136	1	-	137	A_single_block	5963-6100(-)	0	.	22	
chr4	68572483	68572619	136	1	-	136	A_single_block	7629-7765(-)	0	.	46	
chr4	55328155	55328290	135	1	+	135	A_single_block	957-1092(+)	0	.	58	
chr13	38943959	38944091	132	1	+	134	A_single_block	3386-3520(+)	0	.	26	
chr3	98844864	98844997	133	1	-	133	A_single_block	4620-4753(-)	0	.	33	
chr8	39024252	39024374	122	1	+	132	A_single_block	672-804(+)	0	.	19	
chr7	50564545	50564677	132	1	+	132	A_single_block	7909-8041(+)	0	.	28	
chr2	148881725	148881857	132	1	-	132	A_single_block	610-742(-)	0	.	60	
chr11	74567004	74567136	132	1	-	132	A_single_block	15891-16023(-)	0	.	34	
chr5	94183136	94183267	131	1	+	131	A_single_block	8412-8543(+)	0	.	36	
chr2	40955211	40955340	129	1	-	129	A_single_block	13499-13628(-)	0	.	17	
chr1	5554748	5554877	129	1	+	129	A_single_block	9454-9583(+)	0	.	39	
chr13	22113188	22113317	129	1	-	129	A_single_block	10081-10210(-)	0	.	35	
chr8	120224312	120224440	128	1	-	128	A_single_block	6881-7009(-)	0	.	47	
chr6	136954173	136954301	128	1	-	128	A_single_block	9350-9478(-)	0	.	34	
chr13	55971631	55971759	128	1	-	128	A_single_block	5104-5232(-)	0	.	51	
chr22	42297387	42297474	87	1	-	128	A_single_block	5744-5872(-)	0	.	19	
chr2	216879716	216879842	126	1	+	127	A_single_block	12217-12344(+)	0	.	33	
chr12	8563932	8564059	127	1	-	127	A_single_block	15914-16041(-)	0	.	26	
chr3	127005475	127005601	126	1	+	126	A_single_block	6745-6871(+)	0	.	45	
chr10	96650908	96651032	124	1	+	126	A_single_block	11512-11638(+)	0	.	32	
chr8	13353396	13353521	125	1	-	125	A_single_block	11063-11188(-)	0	.	40	
chr2	215812665	215812790	125	1	-	125	A_single_block	9537-9662(-)	0	.	32	
chr9	7511597	7511715	118	1	+	125	A_single_block	6320-6445(+)	0	.	24	
chr10	69155305	69155430	125	1	-	125	A_single_block	8089-8214(-)	0	.	33	
chr9_GL383539v1_alt	97416	97534	118	1	+	125	A_single_block	6320-6445(+)	0	.	24	
chr3	176966317	176966436	119	1	+	123	A_single_block	4226-4349(+)	0	.	40	
chr15	48473905	48474028	123	1	-	123	A_single_block	13169-13292(-)	0	.	38	
chr16	17992090	17992211	121	1	+	123	A_single_block	2038-2161(+)	0	.	19	
chr21	16470419	16470542	123	1	-	123	A_single_block	4915-5038(-)	0	.	31	
chr2	103598714	103598836	122	1	+	122	A_single_block	712-834(+)	0	.	34	
chr3	56039010	56039130	120	1	+	120	A_single_block	15762-15882(+)	0	.	22	
chr1	232367709	232367824	115	1	-	120	A_single_block	1038-1158(-)	0	.	21	
chr5	34371379	34371498	119	1	+	119	A_single_block	7189-7308(+)	0	.	28	
chr8	16056994	16057112	118	1	-	118	A_single_block	14393-14511(-)	0	.	36	
chr5	18457219	18457337	118	1	-	118	A_single_block	14898-15016(-)	0	.	36	
chr5	35238345	35238464	119	1	+	118	A_single_block	10332-10450(+)	0	.	30	
chr3	175034304	175034422	118	1	-	118	A_single_block	3823-3941(-)	0	.	25	
chr19	32957192	32957308	116	1	-	118	A_single_block	333-451(-)	0	.	17	
chr6	132799650	132799767	117	1	-	117	A_single_block	15166-15283(-)	0	.	34	
chr2	55535868	55535989	121	1	+	117	A_single_block	16043-16160(+)	0	.	23	
chr10	36214898	36215017	119	1	+	117	A_single_block	1344-1461(+)	0	.	39	
chr10	112894577	112894693	116	1	-	117	A_single_block	342-459(-)	0	.	36	
chr7	133191740	133191856	116	1	-	116	A_single_block	12945-13061(-)	0	.	21	
chr2	15521166	15521282	116	1	+	116	A_single_block	6514-6630(+)	0	.	25	
chr1	241841398	241841512	114	1	-	116	A_single_block	2806-2922(-)	0	.	24	
chr14	95199232	95199347	115	1	+	115	A_single_block	8717-8832(+)	0	.	29	
chr12	74069432	74069547	115	1	-	115	A_single_block	8976-9091(-)	0	.	31	
chr12	74835720	74835834	114	1	+	114	A_single_block	13155-13269(+)	0	.	22	
chr2	31256618	31256726	108	1	+	113	A_single_block	6255-6368(+)	0	.	17	
chr2	29584523	29584632	109	1	+	112	A_single_block	13386-13498(+)	0	.	30	
chr2	147265171	147265283	112	1	+	112	A_single_block	2747-2859(+)	0	.	35	
chr1	147860671	147860783	112	1	+	112	A_single_block	6869-6981(+)	0	.	48	
chr4	163229038	163229153	115	1	+	111	A_single_block	5758-5869(+)	0	.	39	
chr7	37518741	37518852	111	1	-	110	A_single_block	995-1105(-)	0	.	32	
chr7	68736523	68736633	110	1	+	110	A_single_block	12956-13066(+)	0	.	38	
chr15	88091347	88091457	110	1	+	110	A_single_block	5375-5485(+)	0	.	26	
chr6	125396644	125396756	112	1	-	109	A_single_block	16102-16211(-)	0	.	24	
chr7	111085378	111085486	108	1	-	108	A_single_block	5645-5753(-)	0	.	34	
chrX	55038552	55038659	107	1	+	108	A_single_block	2612-2720(+)	0	.	41	
chr4	98669025	98669131	106	1	-	107	A_single_block	7467-7574(-)	0	.	30	
chr3	24417477	24417584	107	1	-	107	A_single_block	9346-9453(-)	0	.	29	
chr12	22005829	22005936	107	1	+	107	A_single_block	1719-1826(+)	0	.	43	
chr16	13991895	13992003	108	1	+	107	A_single_block	10349-10456(+)	0	.	28	
chr2	75063747	75063853	106	1	-	106	A_single_block	2997-3103(-)	0	.	46	
chr9	78810866	78810972	106	1	-	106	A_single_block	3810-3916(-)	0	.	36	
chr17	28974341	28974438	97	1	+	105	A_single_block	13115-13220(+)	0	.	31	
chr7	65298171	65298268	97	1	-	103	A_single_block	5681-5784(-)	0	.	18	
chr7	145997329	145997432	103	1	+	103	A_single_block	1609-1712(+)	0	.	44	
chrY	22187747	22187854	107	1	+	103	A_single_block	554-657(+)	0	.	23	
chrY	22398563	22398670	107	1	-	103	A_single_block	554-657(-)	0	.	23	
chr17	18983410	18983513	103	1	-	103	A_single_block	8790-8893(-)	0	.	24	
chr20	4728915	4729018	103	1	+	103	A_single_block	650-753(+)	0	.	26	
chr1	220455153	220455255	102	1	-	102	A_single_block	9818-9920(-)	0	.	37	
chr1	194225272	194225373	101	1	+	101	A_single_block	5617-5718(+)	0	.	21	
chr9	90435760	90435861	101	1	+	101	A_single_block	5027-5128(+)	0	.	25	
chr9	116756611	116756712	101	1	+	101	A_single_block	12930-13031(+)	0	.	17	
chr15	49688136	49688237	101	1	+	101	A_single_block	6020-6121(+)	0	.	24	
chrX	84403923	84404023	100	1	-	100	A_single_block	14855-14955(-)	0	.	36	
chr1	169474062	169474161	99	1	-	99	A_single_block	8458-8557(-)	0	.	39	
chr4	47772266	47772364	98	1	-	98	A_single_block	14980-15078(-)	0	.	41	
chr9	18336641	18336739	98	1	+	98	A_single_block	2448-2546(+)	0	.	37	
chr2	226421700	226421794	94	1	+	97	A_single_block	2645-2742(+)	0	.	33	
chr21	24931380	24931477	97	1	+	97	A_single_block	13374-13471(+)	0	.	29	
chr2	103657696	103657792	96	1	+	96	A_single_block	8631-8727(+)	0	.	26	
chr9	73782037	73782133	96	1	-	96	A_single_block	4224-4320(-)	0	.	21	
chr22	43959838	43959934	96	1	-	96	A_single_block	12068-12164(-)	0	.	21	
chr6	51986978	51987073	95	1	-	95	A_single_block	13269-13364(-)	0	.	37	
chr9	126548250	126548344	94	1	-	94	A_single_block	9583-9677(-)	0	.	25	
chr4	176779157	176779247	90	1	+	93	A_single_block	1958-2051(+)	0	.	19	
chr3	169936791	169936883	92	1	+	92	A_single_block	16398-16490(+)	0	.	30	
chr2	114490341	114490433	92	1	+	92	A_single_block	13021-13113(+)	0	.	28	
chr1	2415419	2415514	95	1	+	92	A_single_block	1173-1265(+)	0	.	28	
chrX	30957641	30957733	92	1	-	92	A_single_block	601-693(-)	0	.	24	
chr13	40768332	40768422	90	1	+	90	A_single_block	9503-9593(+)	0	.	33	
chr8	37029349	37029438	89	1	+	89	A_single_block	4979-5068(+)	0	.	22	
chr4	160044595	160044684	89	1	-	89	A_single_block	13007-13096(-)	0	.	28	
chr12	41363634	41363723	89	1	-	89	A_single_block	3790-3879(-)	0	.	38	
chr8	37353322	37353410	88	1	+	88	A_single_block	2647-2735(+)	0	.	28	
chr2	11256901	11256989	88	1	-	88	A_single_block	2774-2862(-)	0	.	23	
chr2	129090942	129091030	88	1	-	88	A_single_block	12598-12686(-)	0	.	28	
chrX	146741526	146741614	88	1	+	88	A_single_block	6076-6164(+)	0	.	24	
chr5	37164410	37164493	83	1	-	87	A_single_block	4280-4367(-)	0	.	19	
chr4	41023228	41023316	88	1	-	87	A_single_block	12169-12256(-)	0	.	25	
chrX	87853382	87853467	85	1	-	87	A_single_block	8294-8381(-)	0	.	23	
chr6	42996875	42996962	87	1	-	86	A_single_block	1782-1868(-)	0	.	16	
chr4	83294401	83294487	86	1	+	86	A_single_block	6836-6922(+)	0	.	24	
chr2	132425095	132425181	86	1	+	86	A_single_block	4143-4229(+)	0	.	27	
chr2	191429728	191429814	86	1	+	86	A_single_block	1619-1705(+)	0	.	22	
chr13	51152706	51152790	84	1	+	86	A_single_block	5692-5778(+)	0	.	16	
chr10	20188023	20188109	86	1	-	86	A_single_block	15737-15823(-)	0	.	20	
chr12	27756502	27756588	86	1	+	86	A_single_block	10329-10415(+)	0	.	22	
chr4	123837643	123837726	83	1	-	85	A_single_block	12985-13070(-)	0	.	16	
chr1	172710526	172710618	92	1	-	85	A_single_block	5573-5658(-)	0	.	24	
chr11	7434706	7434791	85	1	+	85	A_single_block	10568-10653(+)	0	.	17	
chr8	99495869	99495953	84	1	-	84	A_single_block	14860-14944(-)	0	.	38	
chr2	11130703	11130787	84	1	-	84	A_single_block	5739-5823(-)	0	.	17	
chr18	55020682	55020766	84	1	-	84	A_single_block	6496-6580(-)	0	.	17	
chr19	44789019	44789103	84	1	-	84	A_single_block	7174-7258(-)	0	.	22	
chr8	88939715	88939798	83	1	-	83	A_single_block	6338-6421(-)	0	.	24	
chr7	46189006	46189089	83	1	+	83	A_single_block	8057-8140(+)	0	.	25	
chr6	159835591	159835670	79	1	+	82	A_single_block	9391-9473(+)	0	.	25	
chr3	128989159	128989241	82	1	-	82	A_single_block	9276-9358(-)	0	.	25	
chr1	17961207	17961289	82	1	-	82	A_single_block	4620-4702(-)	0	.	25	
chr11	77596174	77596256	82	1	+	82	A_single_block	10821-10903(+)	0	.	24	
chr5	111946751	111946832	81	1	+	81	A_single_block	5999-6080(+)	0	.	23	
chr3	184165025	184165098	73	1	+	81	A_single_block	5975-6056(+)	0	.	16	
chr2	96680838	96680919	81	1	+	81	A_single_block	723-804(+)	0	.	23	
chr9	85320488	85320569	81	1	+	81	A_single_block	13075-13156(+)	0	.	24	
chr10	9369656	9369737	81	1	+	81	A_single_block	6364-6445(+)	0	.	17	
chr7	111100641	111100722	81	1	-	80	A_single_block	349-429(-)	0	.	18	
chr3	176216483	176216563	80	1	+	80	A_single_block	8925-9005(+)	0	.	23	
chr15	57790202	57790276	74	1	-	80	A_single_block	11359-11439(-)	0	.	22	
chr5	29533598	29533677	79	1	+	79	A_single_block	13366-13445(+)	0	.	25	
chr4	15110019	15110098	79	1	-	79	A_single_block	11706-11785(-)	0	.	21	
chr1	212504995	212505074	79	1	+	79	A_single_block	2622-2701(+)	0	.	35	
chr11	125915515	125915594	79	1	+	79	A_single_block	12537-12616(+)	0	.	22	
chr20	2188405	2188483	78	1	+	79	A_single_block	3076-3155(+)	0	.	18	
chr8	103095291	103095369	78	1	+	78	A_single_block	7882-7960(+)	0	.	17	
chr6	51332029	51332107	78	1	-	78	A_single_block	14867-14945(-)	0	.	23	
chr9	129878856	129878934	78	1	+	78	A_single_block	2766-2844(+)	0	.	28	
chr13	73725635	73725713	78	1	+	78	A_single_block	11888-11966(+)	0	.	24	
chr10	30565265	30565340	75	1	-	78	A_single_block	7141-7219(-)	0	.	28	
chr11	133869372	133869440	68	1	-	78	A_single_block	1982-2060(-)	0	.	22	
chr22	46470260	46470338	78	1	-	78	A_single_block	12637-12715(-)	0	.	25	
chrX	104410000	104410078	78	1	-	78	A_single_block	15667-15745(-)	0	.	19	
chr7	63094835	63094912	77	1	+	77	A_single_block	15654-15731(+)	0	.	20	
chr5	163444005	163444082	77	1	+	77	A_single_block	9045-9122(+)	0	.	16	
chr3	65436439	65436516	77	1	-	77	A_single_block	14992-15069(-)	0	.	16	
chr2	198752074	198752153	79	1	+	77	A_single_block	5713-5790(+)	0	.	16	
chr2	237125602	237125679	77	1	+	77	A_single_block	7771-7848(+)	0	.	26	
chr12	3107934	3108011	77	1	+	77	A_single_block	14370-14447(+)	0	.	18	
chr4	35500252	35500325	73	1	+	76	A_single_block	6331-6407(+)	0	.	17	
chr3	122688733	122688809	76	1	+	76	A_single_block	4700-4776(+)	0	.	16	
chr18	34628924	34629001	77	1	+	76	A_single_block	3139-3215(+)	0	.	22	
chrX	136229857	136229933	76	1	+	76	A_single_block	11467-11543(+)	0	.	26	
chr6	154516515	154516589	74	1	+	75	A_single_block	3093-3168(+)	0	.	24	
chr3	63847025	63847100	75	1	-	75	A_single_block	15559-15634(-)	0	.	28	
chr10	25638516	25638591	75	1	+	75	A_single_block	2605-2680(+)	0	.	34	
chr20	57064053	57064128	75	1	+	75	A_single_block	12961-13036(+)	0	.	23	
chr2	149394888	149394963	75	1	+	74	A_single_block	13337-13411(+)	0	.	18	
chr11	59409329	59409403	74	1	+	74	A_single_block	15078-15152(+)	0	.	17	
chr15	91559368	91559442	74	1	+	74	A_single_block	9737-9811(+)	0	.	21	
chr19	27741808	27741878	70	1	+	74	A_single_block	831-905(+)	0	.	28	
chr17	61127327	61127401	74	1	-	74	A_single_block	12008-12082(-)	0	.	21	
chr8	39399903	39399976	73	1	+	73	A_single_block	14897-14970(+)	0	.	20	
chr2	7951460	7951533	73	1	-	73	A_single_block	6260-6333(-)	0	.	16	
chr2	85724891	85724964	73	1	-	73	A_single_block	1572-1645(-)	0	.	21	
chr1	207395054	207395128	74	1	-	73	A_single_block	9177-9250(-)	0	.	16	
chr14	78854878	78854951	73	1	-	73	A_single_block	5313-5386(-)	0	.	18	
chr8	40818365	40818438	73	1	+	72	A_single_block	9409-9481(+)	0	.	19	
chr7	63187058	63187130	72	1	+	72	A_single_block	8751-8823(+)	0	.	20	
chr6	40150028	40150102	74	1	+	72	A_single_block	16446-16518(+)	0	.	17	
chr5	132000587	132000654	67	1	-	72	A_single_block	3624-3696(-)	0	.	17	
chr4	27067751	27067822	71	1	+	72	A_single_block	11657-11729(+)	0	.	21	
chr4	110444586	110444658	72	1	+	72	A_single_block	8751-8823(+)	0	.	19	
chr9	18826061	18826133	72	1	+	72	A_single_block	6587-6659(+)	0	.	27	
chr11	123003605	123003677	72	1	-	72	A_single_block	14659-14731(-)	0	.	33	
chr12	62774009	62774081	72	1	+	72	A_single_block	4240-4312(+)	0	.	30	
chr19	30022333	30022405	72	1	+	72	A_single_block	986-1058(+)	0	.	25	
chr6	42037655	42037726	71	1	-	71	A_single_block	6154-6225(-)	0	.	23	
chr5	41193547	41193615	68	1	-	71	A_single_block	1928-1999(-)	0	.	19	
chr3	163932573	163932643	70	1	+	71	A_single_block	3089-3160(+)	0	.	17	
chr3	176784663	176784731	68	1	-	71	A_single_block	6363-6434(-)	0	.	17	
chr3	187466180	187466251	71	1	+	71	A_single_block	9177-9248(+)	0	.	25	
chr2	192071419	192071490	71	1	+	71	A_single_block	15019-15090(+)	0	.	20	
chr2	217574798	217574869	71	1	-	71	A_single_block	12968-13039(-)	0	.	17	
chr13	30291639	30291710	71	1	-	71	A_single_block	9546-9617(-)	0	.	18	
chr13	79329868	79329940	72	1	+	71	A_single_block	7413-7484(+)	0	.	19	
chr13	100606022	100606093	71	1	+	71	A_single_block	11869-11940(+)	0	.	17	
chrY	4344780	4344851	71	1	-	71	A_single_block	1271-1342(-)	0	.	36	
chr20	2391975	2392046	71	1	-	71	A_single_block	1098-1169(-)	0	.	21	
chr6	5477424	5477494	70	1	-	70	A_single_block	13231-13301(-)	0	.	25	
chr5	122607652	122607722	70	1	+	70	A_single_block	8661-8731(+)	0	.	20	
chr3	77536108	77536178	70	1	+	70	A_single_block	11737-11807(+)	0	.	18	
chr21	14021579	14021649	70	1	-	70	A_single_block	7569-7639(-)	0	.	24	
chr18	14136787	14136857	70	1	+	70	A_single_block	7569-7639(+)	0	.	24	
chr17	6086277	6086347	70	1	+	70	A_single_block	16085-16155(+)	0	.	17	
chr5	121682296	121682365	69	1	-	69	A_single_block	3625-3694(-)	0	.	18	
chr5	170635557	170635626	69	1	-	69	A_single_block	810-879(-)	0	.	30	
chr4	46118146	46118215	69	1	+	69	A_single_block	11475-11544(+)	0	.	24	
chr4	107897070	107897139	69	1	+	69	A_single_block	12609-12678(+)	0	.	19	
chr4	185294149	185294218	69	1	+	69	A_single_block	728-797(+)	0	.	23	
chr14	23426462	23426531	69	1	-	69	A_single_block	2010-2079(-)	0	.	26	
chr10	130131135	130131204	69	1	+	69	A_single_block	4354-4423(+)	0	.	26	
chr22	41764956	41765025	69	1	+	69	A_single_block	7297-7366(+)	0	.	18	
chr19	33249473	33249539	66	1	+	69	A_single_block	1426-1495(+)	0	.	16	
chr8	60030071	60030139	68	1	+	68	A_single_block	12870-12938(+)	0	.	16	
chr7	156547620	156547688	68	1	+	68	A_single_block	14830-14898(+)	0	.	22	
chr2	113039456	113039524	68	1	+	68	A_single_block	4523-4591(+)	0	.	22	
chr13	108396395	108396462	67	1	-	68	A_single_block	1626-1694(-)	0	.	17	
chr10	32288444	32288511	67	1	+	68	A_single_block	13145-13213(+)	0	.	19	
chr10	83651122	83651190	68	1	+	68	A_single_block	5617-5685(+)	0	.	21	
chr17	43997715	43997783	68	1	+	68	A_single_block	10142-10210(+)	0	.	32	
chr8	6618645	6618713	68	1	+	67	A_single_block	13366-13433(+)	0	.	18	
chr6	127312126	127312193	67	1	+	67	A_single_block	6780-6847(+)	0	.	26	
chr4	125296675	125296742	67	1	+	67	A_single_block	12415-12482(+)	0	.	17	
chr1	208145439	208145506	67	1	+	67	A_single_block	14975-15042(+)	0	.	24	
chr10	79411225	79411293	68	1	+	67	A_single_block	5804-5871(+)	0	.	27	
chr15	31750727	31750794	67	1	-	67	A_single_block	8656-8723(-)	0	.	18	
chr15_KI270905v1_alt	4035868	4035935	67	1	-	67	A_single_block	8656-8723(-)	0	.	18	
chrX	22173855	22173922	67	1	+	67	A_single_block	15000-15067(+)	0	.	22	
chrX	44924251	44924318	67	1	+	67	A_single_block	16689-16756(+)	0	.	17	
chr5	87187721	87187787	66	1	-	66	A_single_block	9989-10055(-)	0	.	23	
chr2	196434785	196434851	66	1	+	66	A_single_block	4170-4236(+)	0	.	19	
chr1	11142846	11142918	72	1	+	66	A_single_block	12292-12358(+)	0	.	17	
chr9	88808573	88808638	65	1	-	66	A_single_block	13205-13271(-)	0	.	16	
chr11	58937614	58937676	62	1	+	66	A_single_block	5162-5228(+)	0	.	16	
chr12	40235821	40235887	66	1	-	66	A_single_block	8074-8140(-)	0	.	20	
chr16	70682700	70682766	66	1	-	66	A_single_block	2652-2718(-)	0	.	24	
chrY	9141895	9141961	66	1	+	66	A_single_block	6498-6564(+)	0	.	25	
chr7	83855231	83855292	61	1	-	65	A_single_block	11068-11133(-)	0	.	17	
chr6	71737154	71737219	65	1	-	65	A_single_block	16617-16682(-)	0	.	16	
chr4	78187531	78187596	65	1	-	65	A_single_block	15115-15180(-)	0	.	25	
chr2	58727831	58727896	65	1	+	65	A_single_block	9852-9917(+)	0	.	17	
chr12	4507247	4507312	65	1	-	65	A_single_block	12382-12447(-)	0	.	16	
chr22	29135285	29135350	65	1	-	65	A_single_block	13993-14058(-)	0	.	16	
chrY	20360624	20360689	65	1	+	65	A_single_block	2264-2329(+)	0	.	19	
chr19	46137260	46137325	65	1	+	65	A_single_block	7219-7284(+)	0	.	16	
chrX	99867229	99867294	65	1	+	65	A_single_block	4811-4876(+)	0	.	18	
chr12	129870762	129870826	64	1	-	64	A_single_block	7074-7138(-)	0	.	21	
chr20	14033722	14033786	64	1	-	64	A_single_block	1420-1484(-)	0	.	22	
chr6	93236985	93237048	63	1	+	63	A_single_block	12143-12206(+)	0	.	20	
chr5	85085575	85085638	63	1	+	63	A_single_block	5004-5067(+)	0	.	18	
chr4	43516434	43516497	63	1	+	63	A_single_block	9743-9806(+)	0	.	18	
chr2	154984982	154985045	63	1	-	63	A_single_block	13301-13364(-)	0	.	18	
chr21	39820089	39820152	63	1	-	63	A_single_block	15634-15697(-)	0	.	17	
chr6	74225480	74225542	62	1	+	62	A_single_block	3028-3090(+)	0	.	28	
chr2	102505771	102505834	63	1	-	62	A_single_block	12285-12347(-)	0	.	17	
chr10	27876747	27876809	62	1	-	62	A_single_block	1551-1613(-)	0	.	25	
chr22	36074995	36075057	62	1	-	62	A_single_block	13200-13262(-)	0	.	20	
chrX	48026706	48026768	62	1	+	62	A_single_block	3604-3666(+)	0	.	17	
chr6	9143459	9143520	61	1	-	61	A_single_block	10678-10739(-)	0	.	17	
chr11	91834216	91834277	61	1	+	61	A_single_block	10644-10705(+)	0	.	18	
chr19	17459190	17459251	61	1	-	61	A_single_block	6047-6108(-)	0	.	20	
chr7	159294634	159294694	60	1	-	60	A_single_block	13187-13247(-)	0	.	22	
chr4	1169518	1169578	60	1	-	60	A_single_block	15147-15207(-)	0	.	21	
chr12	79932493	79932553	60	1	-	60	A_single_block	10166-10226(-)	0	.	17	
chr8	76552710	76552769	59	1	+	59	A_single_block	1557-1616(+)	0	.	16	
chr1	242415398	242415457	59	1	+	59	A_single_block	14768-14827(+)	0	.	17	
chr9	95877098	95877158	60	1	+	59	A_single_block	10390-10449(+)	0	.	20	
chr12	40952291	40952350	59	1	-	59	A_single_block	4766-4825(-)	0	.	19	
chr16	7029726	7029785	59	1	+	59	A_single_block	3010-3069(+)	0	.	24	
chr17	80617575	80617634	59	1	-	59	A_single_block	6890-6949(-)	0	.	22	
chrX	143543784	143543843	59	1	-	59	A_single_block	11074-11133(-)	0	.	21	
chr7	151425269	151425327	58	1	-	58	A_single_block	2529-2587(-)	0	.	23	
chr5	119127396	119127454	58	1	+	58	A_single_block	2000-2058(+)	0	.	26	
chr3	164424267	164424325	58	1	+	58	A_single_block	16104-16162(+)	0	.	19	
chr10	85343082	85343140	58	1	+	58	A_single_block	9454-9512(+)	0	.	16	
chr10	103589310	103589368	58	1	+	58	A_single_block	6849-6907(+)	0	.	20	
chr6	31930763	31930820	57	1	-	57	A_single_block	9679-9736(-)	0	.	18	
chr5	153545743	153545800	57	1	+	57	A_single_block	6138-6195(+)	0	.	16	
chr4	60678408	60678465	57	1	-	57	A_single_block	9585-9642(-)	0	.	18	
chr2	10128159	10128216	57	1	+	57	A_single_block	10216-10273(+)	0	.	16	
chr2	112771720	112771777	57	1	+	57	A_single_block	6793-6850(+)	0	.	17	
chr1	20533514	20533571	57	1	-	57	A_single_block	5588-5645(-)	0	.	16	
chr1	170006357	170006414	57	1	+	57	A_single_block	14992-15049(+)	0	.	21	
chr12	4232637	4232694	57	1	-	57	A_single_block	4115-4172(-)	0	.	20	
chr19	45644841	45644898	57	1	-	57	A_single_block	1407-1464(-)	0	.	16	
chr6_GL000251v2_alt	3408190	3408247	57	1	-	57	A_single_block	9679-9736(-)	0	.	18	
chr6_GL000252v2_alt	3178542	3178599	57	1	-	57	A_single_block	9679-9736(-)	0	.	18	
chr6_GL000253v2_alt	3235973	3236030	57	1	-	57	A_single_block	9679-9736(-)	0	.	18	
chr6_GL000254v2_alt	3272849	3272906	57	1	-	57	A_single_block	9679-9736(-)	0	.	18	
chr6_GL000255v2_alt	3186737	3186794	57	1	-	57	A_single_block	9679-9736(-)	0	.	18	
chr6_GL000256v2_alt	3232001	3232058	57	1	-	57	A_single_block	9679-9736(-)	0	.	18	
chr8	91291835	91291891	56	1	-	56	A_single_block	3893-3949(-)	0	.	18	
chr2	33767470	33767526	56	1	-	56	A_single_block	1762-1818(-)	0	.	27	
chr2	223783871	223783927	56	1	+	56	A_single_block	13164-13220(+)	0	.	19	
chr9	23207136	23207192	56	1	+	56	A_single_block	9866-9922(+)	0	.	18	
chr3	28334885	28334940	55	1	-	55	A_single_block	11916-11971(-)	0	.	19	
chr11	38586385	38586440	55	1	-	54	A_single_block	10401-10455(-)	0	.	17	
chr1	246996347	246996399	52	1	+	52	A_single_block	7720-7772(+)	0	.	16	
chr11	128066531	128066583	52	1	+	52	A_single_block	5676-5728(+)	0	.	18	
chr6	72118256	72118307	51	1	+	51	A_single_block	7051-7102(+)	0	.	18	
chr17	56601367	56601418	51	1	-	51	A_single_block	2618-2669(-)	0	.	20	
chr8	33003157	33003207	50	1	-	50	A_single_block	1639-1689(-)	0	.	16	
chr4	97158563	97158613	50	1	+	50	A_single_block	14795-14845(+)	0	.	17	
chr3	141302917	141302966	49	1	+	49	A_single_block	5744-5793(+)	0	.	16	
chr20	13167311	13167360	49	1	+	49	A_single_block	3499-3548(+)	0	.	18	
chr4	71850680	71850728	48	1	-	47	A_single_block	1311-1358(-)	0	.	18	
chr22	35885671	35885718	47	1	+	47	A_single_block	6180-6227(+)	0	.	21	
chr22_KI270876v1_alt	206669	206716	47	1	+	47	A_single_block	6180-6227(+)	0	.	21	
chr15	67040910	67040955	45	1	+	45	A_single_block	2173-2218(+)	0	.	20	
chr13	107058830	107058874	44	1	-	44	A_single_block	11074-11118(-)	0	.	17	
chr5	166530418	166530461	43	1	-	43	A_single_block	12146-12189(-)	0	.	20	
chr3	25467499	25467542	43	1	+	43	A_single_block	10980-11023(+)	0	.	18	
chr1	103621155	103621198	43	1	-	43	A_single_block	12476-12519(-)	0	.	19	
chr12	19795686	19795729	43	1	-	43	A_single_block	14396-14439(-)	0	.	18	
chr1	215499795	215499837	42	1	+	42	A_single_block	9562-9604(+)	0	.	18	
chr20	9168923	9168965	42	1	+	42	A_single_block	2179-2221(+)	0	.	20	
chr5	73775891	73775932	41	1	+	41	A_single_block	10801-10842(+)	0	.	17	
chr1	28605883	28605924	41	1	+	41	A_single_block	3928-3969(+)	0	.	16	
chr11	6452210	6452251	41	1	-	41	A_single_block	6252-6293(-)	0	.	16	
chr2	33964835	33964875	40	1	+	40	A_single_block	2172-2212(+)	0	.	17	
chr2	130270390	130283331	12941	3	+	11917	B_divergence_gap	15385-15534(+);3637-3781(+);3774-15398(+)	13	1,1106	255	
chr7	64104093	64112691	8598	3	-	8687	B_divergence_gap	8632-11979(-);3429-8677(-);3093-3185(-)	244	39,14	255	
chr15	58150216	58156566	6350	2	+	6571	B_divergence_gap	9617-11042(+);11225-16371(+)	183	6	255	
chr2	201549267	201558250	8983	4	+	6452	B_divergence_gap	7227-9066(+);9089-11620(+);11606-12326(+);12377-13739(+)	51	1713,290,700	255	
chr10	69589878	69596450	6572	3	-	5748	B_divergence_gap	5448-9034(-);4499-5442(-);3292-4511(-)	12	626,299	255	
chr2	120210849	120217278	6429	4	+	5616	B_divergence_gap	8314-9770(+);9784-12755(+);12747-13209(+);13246-13973(+)	37	370,302,205	255	
chr1	93920099	93928308	8209	9	-	5382	B_divergence_gap	12638-12959(-);12575-12653(-);12031-12553(-);11050-12042(-);10966-11064(-);9883-10598(-);8390-9473(-);7777-8399(-);6837-7788(-)	410	295,1004,308,300,229,282,301,257	185	
chr9	31502294	31506627	4333	4	+	3961	B_divergence_gap	5691-6763(+);6791-7317(+);7530-7830(+);7853-9916(+)	213	379,24,320	126	
chr7	141801336	141805530	4194	2	-	3893	B_divergence_gap	3291-6623(-);2739-3300(-)	9	303	255	
chr13	95692538	95696529	3991	2	+	3615	B_divergence_gap	13048-13340(+);13322-16645(+)	18	289	255	
chr7	69329971	69334598	4627	5	-	3586	B_divergence_gap	8384-8750(-);7514-8403(-);6547-7532(-);5512-6562(-);5229-5525(-)	19	255,291,288,299	255	
chr13	84520229	84524123	3894	2	+	3485	B_divergence_gap	10879-12785(+);12779-14358(+)	6	374	255	
chr21	44469794	44475175	5381	6	-	3347	B_divergence_gap	15423-16011(-);15174-15438(-);14734-15178(-);14330-14741(-);13396-14240(-);12257-13053(-)	343	295,1163,307,410,-5	93	
chrX	70124411	70129096	4685	5	-	2883	B_divergence_gap	14009-14663(-);13669-13850(-);12653-13679(-);11796-12644(-);11611-11785(-)	159	287,311,321,970	231	
chr4	25717913	25721057	3144	2	-	2868	B_divergence_gap	11287-12301(-);9439-11293(-)	6	316	255	
chr16	82119842	82123017	3175	2	-	2843	B_divergence_gap	13903-16645(-);13820-13921(-)	18	306	255	
chr9	92108860	92111774	2914	2	+	2661	B_divergence_gap	9051-9888(+);9879-11703(+)	9	295	255	
chrX	5168811	5171454	2643	2	+	2376	B_divergence_gap	14045-16047(+);15989-16363(+)	58	265	255	
chr12	31246693	31249238	2545	2	+	2191	B_divergence_gap	13447-14520(+);14494-15612(+)	26	285	229	
chr12_KI270835v1_alt	137487	140032	2545	2	+	2191	B_divergence_gap	13447-14520(+);14494-15612(+)	26	285	229	
chrX	102785648	102788388	2740	2	+	2167	B_divergence_gap	3286-4874(+);4854-5433(+)	20	607	252	
chrX	70119432	70122051	2619	2	-	2161	B_divergence_gap	14723-16812(-);14657-14729(-)	6	482	255	
chr5	5395377	5396970	1593	2	-	1584	B_divergence_gap	6576-7155(-);6951-7956(-)	204	11	255	
chr8	42224882	42228960	4078	4	-	1315	B_divergence_gap	1823-2197(-);1464-1684(-);1018-1328(-);597-1008(-)	139	591,427,1804	41	
chr11	37541525	37543000	1475	2	+	1167	B_divergence_gap	2586-3392(+);3384-3745(+)	8	331	81	
chr9	31498425	31499488	1063	2	+	1048	B_divergence_gap	1835-2507(+);2791-3167(+)	284	59	57	
chr11	77255044	77257116	2072	3	+	1046	B_divergence_gap	14408-14630(+);14669-15262(+);15248-15479(+)	39	703,406	81	
chr22_KI270879v1_alt	242069	243898	1829	2	+	985	B_divergence_gap	3511-4016(+);4002-4482(+)	14	837	148	
chr4	49246019	49246931	912	2	+	857	B_divergence_gap	9469-10150(+);10145-10321(+)	5	67	194	
chr19	12202924	12204832	1908	4	-	855	B_divergence_gap	4224-4338(-);4078-4231(-);3624-4041(-);3477-3648(-)	37	638,356,79	79	
chrUn_JTFH01000579v1_decoy	0	1111	1111	2	-	805	B_divergence_gap	7673-7864(-);7089-7703(-)	30	300	120	
chr10	33022967	33023828	861	2	-	726	B_divergence_gap	10732-10996(-);10286-10748(-)	16	142	66	
chr1	47164485	47165871	1386	2	-	697	B_divergence_gap	3875-4266(-);3559-3865(-)	10	707	48	
chr19	12104638	12105293	655	2	-	675	B_divergence_gap	3287-3496(-);2417-2883(-)	404	-1	96	
chr3	166226706	166228038	1332	3	-	657	B_divergence_gap	1969-2065(-);1547-1966(-);1359-1501(-)	46	319,353	70	
chr9	109300228	109301145	917	2	+	611	B_divergence_gap	4863-5141(+);5124-5457(+)	17	313	66	
chr19	56691004	56691897	893	2	-	578	B_divergence_gap	14319-14487(-);13908-14318(-)	1	312	62	
chr7	68266319	68266861	542	2	-	545	B_divergence_gap	11268-11529(-);11123-11407(-)	139	-3	74	
chrX	102772457	102773280	823	2	+	527	B_divergence_gap	2793-3027(+);3016-3309(+)	11	298	62	
chr3	12164845	12165642	797	2	-	487	B_divergence_gap	7446-7571(-);7076-7438(-)	8	322	73	
chr6	130445151	130445570	419	2	+	443	B_divergence_gap	2457-2688(+);2944-3156(+)	256	22	23	
chr8	133515504	133516245	741	2	+	409	B_divergence_gap	10162-10513(+);10549-10607(+)	36	336	75	
chr7	68097722	68098354	632	2	+	387	B_divergence_gap	7167-7312(+);7300-7542(+)	12	244	63	
chr6	43491166	43491864	698	2	-	379	B_divergence_gap	16355-16467(-);16096-16363(-)	8	312	29	
chr21	8217645	8218429	784	2	+	327	B_divergence_gap	2589-2738(+);2920-3098(+)	182	458	24	
chr21	8400683	8401467	784	2	+	327	B_divergence_gap	2589-2738(+);2920-3098(+)	182	458	24	
chr21	8444915	8445699	784	2	+	327	B_divergence_gap	2589-2738(+);2920-3098(+)	182	458	24	
chr22_KI270733v1_random	133983	134767	784	2	+	327	B_divergence_gap	2589-2738(+);2920-3098(+)	182	458	24	
chrUn_GL000220v1	117120	117904	784	2	+	327	B_divergence_gap	2589-2738(+);2920-3098(+)	182	458	24	
chr8	137861754	137862058	304	2	+	290	B_divergence_gap	854-1102(+);1319-1361(+)	217	8	51	
chr10	24867655	24868198	543	2	-	276	B_divergence_gap	14492-14662(-);14414-14520(-)	28	268	27	
chrX	22459942	22460456	514	2	+	207	B_divergence_gap	7287-7359(+);7337-7472(+)	22	300	22	
chr1	240549879	240550371	492	2	-	197	B_divergence_gap	6157-6295(-);6123-6182(-)	25	295	39	
chr6	149896948	149897436	488	2	-	195	B_divergence_gap	9869-9961(-);9785-9888(-)	19	293	25	
chrX	1008880	1009086	206	2	+	191	B_divergence_gap	6259-6385(+);6320-6385(+)	65	33	22	
chr9	133416949	133417442	493	2	-	190	B_divergence_gap	1935-1996(-);1786-1915(-)	20	299	30	
chr17	22519194	22532766	13572	2	+/-	13573	C_inversion	14364-27681(+);14326-14582(-)	218	-4	255	
chr9	5091064	5100917	9853	3	+/-	9743	C_inversion	13627-14702(-);1285-7946(+);7883-9890(+)	3737	8,245	255	
chr3	106894096	106903560	9464	7	+/-	8688	C_inversion	10576-12390(-);8617-10585(-);566-858(+);12457-14352(+);5993-6204(-);3348-4822(+);1014-2048(-)	2413	392,332,1,63,-2,0	255	
chr19	37570437	37581328	10891	9	+/-	6353	C_inversion	10983-11779(+);12221-12310(-);11972-12202(+);12200-13150(+);13170-14444(+);16303-16591(+);575-2111(+);6320-7259(+);8472-8723(+)	4209	592,109,379,332,319,546,1840,580	255	
chr4	64606377	64611887	5510	4	+/-	5679	C_inversion	9166-9462(+);9105-9167(-);13035-16985(-);9465-10836(-)	2199	2,-2,1	255	
chr2	202614209	202620037	5828	5	+/-	5569	C_inversion	6943-11076(+);11060-11343(+);10799-10902(-);15392-15595(-);5765-6612(-)	4049	295,0,3,0	255	
chr2	211773794	211780010	6216	3	+/-	5385	C_inversion	2800-3105(-);566-2808(-);4847-7685(+)	1742	301,565	255	
chr22	11854090	11857005	2915	4	+/-	2882	C_inversion	9393-10321(-);5603-6979(+);15037-15087(+);986-1514(+)	4716	10,-6,22	255	
chr22	12135349	12138262	2913	4	+/-	2882	C_inversion	986-1514(-);15037-15087(-);5603-6979(-);9393-10321(+)	4716	22,-6,10	255	
chr20	30744394	30747299	2905	4	+/-	2882	C_inversion	986-1514(-);15037-15087(-);5603-6979(-);9393-10321(+)	4716	22,-6,10	255	
chr2	94899001	94901973	2972	4	+/-	2881	C_inversion	986-1514(-);15038-15087(-);5603-6979(-);9393-10321(+)	4717	22,-5,10	255	
chrY	11132082	11134998	2916	4	+/-	2880	C_inversion	9393-10321(-);5602-6982(+);15037-15087(+);992-1514(+)	4716	9,-9,29	255	
chr9	64045493	64048400	2907	4	+/-	2879	C_inversion	9393-10321(-);5603-6982(+);15037-15087(+);992-1514(+)	4716	10,-9,29	255	
chrUn_KI270744v1	101926	104835	2909	4	+/-	2879	C_inversion	992-1514(-);15037-15087(-);5603-6982(-);9393-10321(+)	4716	29,-9,10	255	
chrUn_KI270742v1	9193	12102	2909	4	+/-	2879	C_inversion	9393-10321(-);5603-6982(+);15037-15087(+);992-1514(+)	4716	10,-9,29	255	
chr21	8844303	8847214	2911	4	+/-	2876	C_inversion	9393-10321(-);5603-6979(+);15037-15087(+);992-1514(+)	4716	10,-6,29	255	
chr1_KI270706v1_random	125455	128372	2917	4	+/-	2876	C_inversion	992-1514(-);15037-15087(-);5603-6979(-);9393-10321(+)	4716	30,-6,10	255	
chrUn_GL000218v1	14605	17527	2922	4	+/-	2870	C_inversion	9393-10321(-);5612-6982(+);15037-15087(+);992-1514(+)	4716	19,-9,30	255	
chr14_GL000009v2_random	0	2386	2386	4	+/-	2380	C_inversion	9393-9825(-);5603-6979(+);15037-15087(+);992-1514(+)	5212	10,-6,29	255	
chr10	19746631	19748652	2021	3	+/-	2024	C_inversion	2304-2844(+);3216-3577(-);4184-5307(+)	607	0,-10	255	
chrX	126471703	126473297	1594	3	+/-	1598	C_inversion	6552-7302(+);683-964(-);10605-11172(+)	5588	3,-5	255	
chr12	7619821	7621685	1864	4	+/-	1559	C_inversion	7859-8342(-);5687-6014(+);6018-6295(+);6293-6765(+)	1094	55,86,223	76	
chr7	117263392	117264533	1141	4	+/-	1093	C_inversion	4606-4689(-);5192-5551(+);11000-11512(+);15574-15713(-)	5449	49,4,0	128	
chr6	91726719	91727539	820	4	+/-	840	C_inversion	8436-8774(+);5507-5626(-);10473-10626(+);6515-6745(-)	1699	0,-15,-6	112	
chr8	111248646	111249389	743	3	+/-	685	C_inversion	14952-15235(-);14918-14973(+);16292-16639(-)	1057	-12,68	86	
chr5	163009317	163009706	389	3	+/-	390	C_inversion	15353-15465(+);728-918(+);10676-10764(-)	9758	-1,-1	62	
chr3	68658949	68659287	338	3	+/-	352	C_inversion	16085-16196(+);4349-4429(+);3057-3218(-)	11656	-9,-5	55	
chr13	23765813	23766089	276	2	+/-	276	C_inversion	15812-15932(-);9353-9509(+)	6303	0	50	
chr8	48400686	48400905	219	2	+/-	218	C_inversion	12958-13063(-);13939-14052(+)	876	1	31	
chrX	111416990	111417161	171	2	+/-	181	C_inversion	3699-3789(+);2984-3075(-)	624	-6	35	
chr19	44146427	44146579	152	2	+/-	154	C_inversion	3743-3825(+);14377-14449(-)	10552	-3	29	
chr8	40070585	40070689	104	2	+/-	119	C_inversion	801-878(+);863-905(-)	15	-16	29	
chr2	237520601	237524236	3635	15	-	3486	D_tandem_repeat	13047-14225(-);13047-13103(-);13047-13103(-);13047-13103(-);13047-13103(-);13047-13103(-);13047-13103(-);13047-13103(-);13047-13103(-);13047-13103(-);13047-13103(-);13047-13103(-);13048-13103(-);11774-13103(-);10054-10362(-)	1412	66,5,5,5,5,5,5,5,5,5,5,5,67,-3	255	chrM:13047-13103x11
chr12	126583248	126584396	1148	20	-	1111	D_tandem_repeat	4416-4537(-);4416-4466(-);4416-4466(-);4416-4466(-);4416-4466(-);4416-4466(-);4416-4466(-);4416-4466(-);4416-4466(-);4416-4466(-);4416-4466(-);4416-4466(-);4416-4466(-);4416-4466(-);4416-4466(-);4416-4466(-);4416-4466(-);4416-4466(-);4416-4466(-);4376-4466(-)	50	44,-3,-3,-3,-3,-3,-3,-3,-3,-3,-3,-3,-3,-3,-3,-3,-3,-3,44	36	chrM:4416-4466x18
chr2	143088651	143101355	12704	4	-	10833	E_complex_chimeric	2166-2391(-);574-2156(-);9839-16807(-);7742-9800(-)	5351	1140,519,298	255	
chr1	237940760	237951721	10961	2	-	10285	E_complex_chimeric	572-6204(-);12155-16808(-)	5951	684	255	
chrX	102796231	102810305	14074	9	+	9559	E_complex_chimeric	6915-7180(+);7184-7571(+);7569-9084(+);9098-9547(+);10880-12042(+);12094-12228(+);12207-12598(+);12609-16640(+);575-1800(+)	5115	341,293,515,66,267,1421,1345,529	255	
chr11	103402015	103411124	9109	3	-	9268	E_complex_chimeric	2054-9778(-);3570-3648(-);574-2040(-)	6208	1,4	255	
chr8	67580522	67588451	7929	3	-	7678	E_complex_chimeric	13554-16938(-);10622-13566(-);8479-9829(-)	793	308,-3	255	
chr8	103081818	103091512	9694	8	+	7492	E_complex_chimeric	16303-16569(+);575-2351(+);2417-4372(+);4361-5432(+);5510-6064(+);7576-7671(+);6078-7458(+);7446-7841(+)	8632	591,360,298,311,358,0,328	255	
chr2	131379462	131386468	7006	4	-	7190	E_complex_chimeric	10550-10615(-);6466-6527(-);3637-10552(-);15385-15534(-)	4770	13,-9,1	255	
chr16	10718342	10725334	6992	2	-	7000	E_complex_chimeric	14491-16161(-);8488-13818(-)	673	1	255	
chr2	117020013	117027027	7014	2	+	6658	E_complex_chimeric	16223-17023(+);573-6431(+)	9792	351	255	
chr17	19597532	19605933	8401	7	+	6395	E_complex_chimeric	16292-16808(+);574-2099(+);2083-2667(+);2646-3274(+);3260-4611(+);4599-4933(+);4935-6392(+)	9900	506,309,292,329,297,306	255	
chr2	140216995	140225242	8247	3	-	5943	E_complex_chimeric	5171-6150(-);574-5185(-);16292-16645(-)	10142	1690,664	255	
chr14	84171341	84177082	5741	3	+	5552	E_complex_chimeric	1824-3314(+);11366-14336(+);14319-15411(+)	8052	2,290	255	
chr8	33010608	33017255	6647	3	+	5521	E_complex_chimeric	16458-16808(+);575-5094(+);5069-5721(+)	10737	481,747	255	
chr2	82814978	82821015	6037	2	+	5376	E_complex_chimeric	11588-16808(+);562-718(+)	10870	691	255	
chr22	36172426	36179761	7335	8	+	5087	E_complex_chimeric	7089-7684(+);7668-9176(+);9162-9885(+);15395-15588(+);15543-16029(+);575-1264(+);3714-3946(+);3933-4594(+)	5510	322,289,15,127,1148,-2,304	245	
chrX	62838368	62844255	5887	4	+	4832	E_complex_chimeric	15937-16023(+);16294-16629(+);575-2757(+);2794-5023(+)	10914	304,531,179	255	
chrX	143429275	143435175	5900	5	+	4831	E_complex_chimeric	16536-16813(+);575-2281(+);2288-2706(+);2695-4423(+);4413-5115(+)	11421	409,94,313,356	255	
chr16	3367473	3372740	5267	4	-	4371	E_complex_chimeric	5854-7695(-);2819-4618(-);2194-2822(-);2106-2209(-)	1236	297,319,304	255	
chr20	57357400	57361825	4425	2	-	4148	E_complex_chimeric	562-4288(-);16516-16938(-)	12228	366	255	
chr8	46827223	46831059	3836	2	-	3835	E_complex_chimeric	4245-5147(-);646-3579(-)	666	32	255	
chr5	8618570	8622573	4003	2	+	3414	E_complex_chimeric	14139-17011(+);545-1087(+)	13052	564	255	
chr4	116296528	116300316	3788	3	+	3304	E_complex_chimeric	16223-16808(+);333-454(+);574-3172(+)	13051	232,288	255	
chrY	8369518	8372714	3196	2	+	3228	E_complex_chimeric	1158-3465(+);4038-4959(+)	573	-1	255	
chr7	142664440	142667693	3253	2	+	3102	E_complex_chimeric	16556-17138(+);573-3093(+)	13463	149	255	
chr7_KI270803v1_alt	666993	670246	3253	2	+	3102	E_complex_chimeric	16556-17138(+);573-3093(+)	13463	149	255	
chrY	8363534	8367199	3665	2	+	3001	E_complex_chimeric	14246-16645(+);573-1175(+)	13071	676	255	
chr9	33655880	33659130	3250	2	+	2981	E_complex_chimeric	16556-17017(+);573-3093(+)	13463	265	255	
chr9	78741007	78744807	3800	3	-	2979	E_complex_chimeric	4393-6217(-);575-1008(-);16086-16808(-)	9869	266,530	255	
chr8	46836021	46839210	3189	2	-	2881	E_complex_chimeric	573-674(-);14237-17017(-)	13563	283	255	
chr10	55597033	55600735	3702	3	+	2846	E_complex_chimeric	16577-16808(+);574-2822(+);2800-3167(+)	13410	586,284	255	
chr1	93933748	93937743	3995	3	-	2783	E_complex_chimeric	5565-6109(-);4685-5556(-);1738-3106(-)	1579	152,1162	254	
chr11	87813547	87816555	3008	3	-	2728	E_complex_chimeric	595-1163(-);15862-16475(-);14332-15879(-)	13169	12,304	255	
chrX	102008471	102012405	3934	4	+	2639	E_complex_chimeric	14094-14835(+);16293-16628(+);575-2064(+);2080-2154(+)	11940	194,553,557	255	
chr19	12502672	12508133	5461	7	+	2601	E_complex_chimeric	4641-4802(+);4793-5434(+);6815-7055(+);7752-7902(+);7893-8615(+);8640-8736(+);8719-9310(+)	1381	305,889,11,609,650,479	124	
chrX	126729041	126731849	2808	2	+	2260	E_complex_chimeric	14678-16808(+);573-703(+)	13975	543	255	
chr3	166159902	166162075	2173	2	-	2118	E_complex_chimeric	11967-12244(-);9097-10938(-)	1029	8	255	
chr7	22746727	22748838	2111	2	-	1538	E_complex_chimeric	22-244(-);14707-16023(-)	14463	615	255	
chr3	155430688	155433464	2776	3	-	1509	E_complex_chimeric	10104-10329(-);7026-7674(-);6264-6900(-)	2430	62,1279	70	
chr5	123760191	123761766	1575	2	+	1422	E_complex_chimeric	16685-17143(+);573-1537(+)	15148	142	255	
chr2	125810601	125812539	1938	2	+	1147	E_complex_chimeric	16085-16808(+);574-998(+)	15087	782	125	
chr1	46823544	46824782	1238	3	+	893	E_complex_chimeric	12864-13514(+);3222-3314(+);3334-3485(+)	9379	90,268	63	
chr8	42243550	42244521	971	2	-	778	E_complex_chimeric	3696-3781(-);2427-3120(-)	576	255	41	
chr6	94446737	94447449	712	2	-	714	E_complex_chimeric	15477-15846(-);4142-4487(-)	10990	-1	113	
chr12	7626108	7627799	1691	2	+	705	E_complex_chimeric	5129-5680(+);15891-16045(+)	10211	991	71	
chr10	46706106	46707322	1216	2	-	672	E_complex_chimeric	574-1015(-);16577-16808(-)	15562	579	123	
chr10	47633077	47634295	1218	2	+	672	E_complex_chimeric	16577-16808(+);574-1015(+)	15562	581	122	
chr12	7646642	7647982	1340	2	-	656	E_complex_chimeric	6293-6769(-);4904-5084(-)	1209	712	70	
chr1	248903491	248904549	1058	2	+	467	E_complex_chimeric	16292-16574(+);580-765(+)	15527	613	33	
chrX	100720484	100721377	893	2	+	272	E_complex_chimeric	16424-16574(+);597-719(+)	15705	618	22	
chr2	19236327	19236561	234	2	-	252	E_complex_chimeric	1396-1506(-);15532-15674(-)	14026	-4	37	
chr3	142946015	142946179	164	2	+	166	E_complex_chimeric	13680-13747(+);5112-5211(+)	8469	-2	26	
